Model,Quantization,Compilation,BS1_Latency,BS8_Latency,Scaling_Efficiency
resnet18,TRUE_INT8,Eager,0.7855443572998047,0.9338127899169922,672.9780236740023
resnet18,TRUE_INT8,torch.compile,0.5653664016723633,0.7979769897460938,566.799703687953
resnet50,TRUE_INT8,Eager,1.947139587402344,2.37328125,656.3535905918759
resnet50,TRUE_INT8,torch.compile,1.1675279998779298,1.9336962890625,483.02435350650603
bert-base-uncased,TRUE_INT8,Eager,4.957031860351562,30.02829833984375,132.06294420684395
bert-base-uncased,TRUE_INT8,torch.compile,4.572960815429688,30.7432958984375,118.99728202302747
vit,TRUE_INT8,Eager,2.8587506103515623,12.365087890625,184.9562662644084
vit,TRUE_INT8,torch.compile,2.6107363891601563,13.2695068359375,157.3976438726153
